
INSERT INTO USERS_TABLE (id, email, FIRST_NAME, LAST_NAME, login, password, isAdmin)
VALUES 
(1, 'user1@gmail.com', 'John', 'Doe', 'johndoe', '123', false),
(2, 'user2@gmail.com', 'Jane', 'Smith', 'janesmith', 'pass456', false),
(3, 'user3@gmail.com', 'Bob', 'Johnson', 'bobj', 'secure89', false),
(4, 'user4@gmail.com', 'Alice', 'Williams', 'alicew', 'qwerty12', false),
(5, 'user5@gmail.com', 'Charlie', 'Brown', 'charlieb', 'abc123', false),
(6, 'user6@gmail.com', 'Eva', 'Miller', 'evam', 'p@ssw0rd', false),
(7, 'user7@gmail.com', 'Frank', 'Davis', 'frankd', 'letmein1', false),
(8, 'user8@gmail.com', 'Grace', 'Thomas', 'gracet', 'passphrase', false),
(9, 'user9@gmail.com', 'Henry', 'Martin', 'henrym', 'hello123', false),
(10, 'user10@gmail.com', 'Isabel', 'Taylor', 'isabelt', 'strongpw', false),
(11, 'user11@gmail.com', 'Kasidech', 'Chumthong', 'Gote888', 'kukuyt88', false),
(12, 'user12@gmail.com', 'Chaiwat ', 'Sawamiphak', 'Max99', 'maxmax99', false),
(13, 'user13@gmail.com', 'Pachara', 'Chinnikorn ', 'MatTsover', 'TSover77', false),
(14, 'user14@gmail.com', 'Pakpoom ', 'Rodjana ', 'UFA69', 'Por69', false),
(15, 'user15@gmail.com', 'Phubet', 'Klubchai', 'Handsome44', 'Somehand66', false),
(16, 'user16@gmail.com', 'Sirisak ', 'Vongsawat ', 'DoDo69', '6969DODO', false),
(17, 'admin@gmail.com', 'Admin ', 'admin ', 'admin', 'admin', true);

INSERT INTO restaurant_table (id, name, rating) VALUES
(511, 'Phra Athit Noodles', 5),
(512, 'Pag Mor', 4),
(513, 'GINDON at Mae Fah Luang', 4),
(514, 'Imm Jung fresh noodles', 4),
(515, 'Senchai Charoensap', 5),
(516, 'Lamp Cafe at Mae Fah Luang', 4),
(517, 'Singha Park Cafe M Square MFU Chiang Rai', 4),
(518, 'Cafe Amazon MFU', 5),
(519, 'Rodiya Roti Hat Yai', 3),
(520, 'Yai Da Crepe', 5),
(521, 'Milk Box MFU', 4);

INSERT INTO review (id, user, res, reviewtext, rating) VALUES
(101, 1, 518, 'Great place! I like the atmosphere', 4),
(102, 1, 521, 'The food is very delicious. Especially desserts', 5),
(103, 2, 513, 'Good service but prices a bit high', 4),
(104, 2, 515, 'Friendly staff and friendly atmosphere', 4),
(105, 3, 511, 'Good experience Food quality needs to be improved', 3),
(106, 3, 512, 'Excellent food and quick service', 5),
(107, 4, 517, 'This place has a beautiful view. But the menu is limited', 3),
(108, 4, 517, 'Best restaurant in MFU', 5),
(109, 5, 514, 'average experience Nothing special', 3),
(110, 5, 521, 'Delicious food in a comfortable atmosphere', 4),
(111, 6, 516, 'Wait time too long But the food is worth it', 4),
(112, 6, 513, 'Very good value for money I like the variety in the menu', 5),
(113, 7, 519, 'Dessert is the highlight of the meal', 5),
(114, 7, 516, 'Good service but small quantity of drinks', 3),
(115, 8, 518, 'family friendly environment', 4),
(116, 8, 513, 'Amazing food! A little expensive', 4),
(117, 9, 518, 'Staff are knowledgeable about the menu', 4),
(118, 9, 514, 'Cozy atmosphere and friendly staff', 4),
(119, 10, 515, 'The restaurant has a unique and stylish decoration', 5),
(120, 10, 512, 'Seat area suitable for dinner', 4),
(121, 11, 511, 'variety of noodles', 4),
(122, 12, 516, 'The atmosphere was lively. And the drinks are refreshing', 5),
(123, 12, 520, 'Crepes delicious beyond expectations', 5),
(124, 13, 511, 'Friendly staff but limited options', 3),
(125, 13, 512, 'Well prepared food with attention to detail', 5),
(126, 14, 514, 'Unique cooking experience, must try!', 5),
(127, 14, 515, 'Quick service and reasonable prices', 4),
(128, 15, 515, 'Comfortable seats and warm atmosphere', 4),
(129, 15, 520, 'Dessert menu rather disappointing', 3),
(130, 15, 520, 'Highly recommended', 5),
(131, 11, 519, 'Attentive staff and wide range of drinks', 4),
(132, 12, 521, 'Beautiful interior design', 4),
(133, 13, 519, 'Delicious, but waited longer than expected', 3);

INSERT INTO food (id, Restaurant_ID, Restaurant_Name, Menu, Price, Map_Location, Time_of_Service, PHONE) VALUES
(5123, 511, 'Phra Athit Noodles', 'Kao Lao Moo', 65.00, 'https://maps.app.goo.gl/wsviYaBqPkJcYiCB7', 'Monday-Friday 10.00am.-8.00pm.', NULL),
(5124, 511, 'Phra Athit Noodles', 'Kao Lao Beef', 65.00, 'https://maps.app.goo.gl/wsviYaBqPkJcYiCB7', 'Monday-Friday 10.00am.-8.00pm.', NULL),
(5125, 511, 'Phra Athit Noodles', 'Jumbo beef noodles', 75.00, 'https://maps.app.goo.gl/wsviYaBqPkJcYiCB7', 'Monday-Friday 10.00am.-8.00pm.', NULL),
(5126, 511, 'Phra Athit Noodles', 'Jumbo Pork noodles', 75.00, 'https://maps.app.goo.gl/wsviYaBqPkJcYiCB7', 'Monday-Friday 10.00am.-8.00pm.', NULL),
(5127, 511, 'Phra Athit Noodles', 'Special beef noodles', 65.00, 'https://maps.app.goo.gl/wsviYaBqPkJcYiCB7', 'Monday-Friday 10.00am.-8.00pm.', NULL),
(5128, 511, 'Phra Athit Noodles', 'Special pork noodles', 65.00, 'https://maps.app.goo.gl/wsviYaBqPkJcYiCB7', 'Monday-Friday 10.00am.-8.00pm.', NULL),
(5129, 511, 'Phra Athit Noodles', 'Beef noodles', 55.00, 'https://maps.app.goo.gl/wsviYaBqPkJcYiCB7', 'Monday-Friday 10.00am.-8.00pm.', NULL),
(5130, 511, 'Phra Athit Noodles', 'Pork noodles', 55.00, 'https://maps.app.goo.gl/wsviYaBqPkJcYiCB7', 'Monday-Friday 10.00am.-8.00pm.', NULL),
(5131, 511, 'Phra Athit Noodles', 'Pork Nam Ngiao', 45.00, 'https://maps.app.goo.gl/wsviYaBqPkJcYiCB7', 'Monday-Friday 10.00am.-8.00pm.', NULL),
(5132, 512, 'Pag Mor ', 'Tom Yum Fried Rice', 55.00, 'https://maps.app.goo.gl/9FVMsJixAd9zxBUf6', 'Monday-Sunday 11.00am.-1.30am.', '0992453599'),
(5133, 512, 'Pag Mor ', 'Stir-fried rice with shrimp paste', 55.00, 'https://maps.app.goo.gl/9FVMsJixAd9zxBUf6', 'Monday-Sunday 11.00am.-1.30am.', '0992453599'),
(5134, 512, 'Pag Mor ', 'Fried pork with garlic and pepper on rice', 55.00, 'https://maps.app.goo.gl/9FVMsJixAd9zxBUf6', 'Monday-Sunday 11.00am.-1.30am.', '0992453599'),
(5135, 512, 'Pag Mor ', 'White choc oreo Croffle', 69.00, 'https://maps.app.goo.gl/9FVMsJixAd9zxBUf6', 'Monday-Sunday 11.00am.-1.30am.', '0992453599'),
(5136, 512, 'Pag Mor ', 'Marshmallow Choco Croffle', 69.00, 'https://maps.app.goo.gl/9FVMsJixAd9zxBUf6', 'Monday-Sunday 11.00am.-1.30am.', '0992453599'),
(5137, 512, 'Pag Mor ', 'Banana Choco Croffle', 69.00, 'https://maps.app.goo.gl/9FVMsJixAd9zxBUf6', 'Monday-Sunday 11.00am.-1.30am.', '0992453599'),
(5138, 512, 'Pag Mor ', 'Salted Egg Corn Salad', 80.00, 'https://maps.app.goo.gl/9FVMsJixAd9zxBUf6', 'Monday-Sunday 11.00am.-1.30am.', '0992453599'),
(5139, 512, 'Pag Mor ', 'Spicy pork sausage and salted egg salad', 100.00, 'https://maps.app.goo.gl/9FVMsJixAd9zxBUf6', 'Monday-Sunday 11.00am.-1.30am.', '0992453599'),
(5140, 512, 'Pag Mor ', 'Pork sausage salad', 80.00, 'https://maps.app.goo.gl/9FVMsJixAd9zxBUf6', 'Monday-Sunday 11.00am.-1.30am.', '0992453599'),
(5141, 513, 'GINDON at Mae Fah Luang', 'Jumbo grilled pork neck on rice + onsen egg', 239.00, 'https://maps.app.goo.gl/LMtGbQEH2TwXwBuS9', 'Monday-Sunday 11.30am.-9.30pm. Closed on Tuesday', '0895265626'),
(5142, 513, 'GINDON at Mae Fah Luang', 'Grilled chicken on rice, size L + onsen egg', 118.00, 'https://maps.app.goo.gl/LMtGbQEH2TwXwBuS9', 'Monday-Sunday 11.30am.-9.30pm. Closed on Tuesday', '0895265626'),
(5143, 513, 'GINDON at Mae Fah Luang', 'Grilled Shrimp with Sauce on Rice', 89.00, 'https://maps.app.goo.gl/LMtGbQEH2TwXwBuS9', 'Monday-Sunday 11.30am.-9.30pm. Closed on Tuesday', '0895265626'),
(5144, 513, 'GINDON at Mae Fah Luang', ' Premium Beef Pie Topped with Grilled Sauce + Onsen Egg', 149.00, 'https://maps.app.goo.gl/LMtGbQEH2TwXwBuS9', 'Monday-Sunday 11.30am.-9.30pm. Closed on Tuesday', '0895265626'),
(5145, 513, 'GINDON at Mae Fah Luang', ' Spicy Salad, Grilled Pork Neck', 79.00, 'https://maps.app.goo.gl/LMtGbQEH2TwXwBuS9', 'Monday-Sunday 11.30am.-9.30pm. Closed on Tuesday', '0895265626'),
(5146, 513, 'GINDON at Mae Fah Luang', 'Salad with sesame salad dressing and Japanese soy sauce', 59.00, 'https://maps.app.goo.gl/LMtGbQEH2TwXwBuS9', 'Monday-Sunday 11.30am.-9.30pm. Closed on Tuesday', '0895265626'),
(5147, 513, 'GINDON at Mae Fah Luang', 'Grilled Corn with Sauce', 39.00, 'https://maps.app.goo.gl/LMtGbQEH2TwXwBuS9', 'Monday-Sunday 11.30am.-9.30pm. Closed on Tuesday', '0895265626'),
(5148, 513, 'GINDON at Mae Fah Luang', 'Kimchi', 19.00, 'https://maps.app.goo.gl/LMtGbQEH2TwXwBuS9', 'Monday-Sunday 11.30am.-9.30pm. Closed on Tuesday', '0895265626'),
(5149, 513, 'GINDON at Mae Fah Luang', 'Seaweed Salad', 29.00, 'https://maps.app.goo.gl/LMtGbQEH2TwXwBuS9', 'Monday-Sunday 11.30am.-9.30pm. Closed on Tuesday', '0895265626'),
(5150, 514, 'Imm Jung fresh noodles', 'Fresh rice noodles', 80.00, 'https://maps.app.goo.gl/kif9tjg6N4kqyE7p8', 'Monday-Saturday 11.00am.-8.00pm.', '0916989866'),
(5151, 514, 'Imm Jung fresh noodles', 'Fresh noodles tom yum', 80.00, 'https://maps.app.goo.gl/kif9tjg6N4kqyE7p8', 'Monday-Saturday 11.00am.-8.00pm.', '0916989866'),
(5152, 514, 'Imm Jung fresh noodles', 'fresh green noodles', 80.00, 'https://maps.app.goo.gl/kif9tjg6N4kqyE7p8', 'Monday-Saturday 11.00am.-8.00pm.', '0916989866'),
(5153, 514, 'Imm Jung fresh noodles', 'Cold fresh noodles', 80.00, 'https://maps.app.goo.gl/kif9tjg6N4kqyE7p8', 'Monday-Saturday 11.00am.-8.00pm.', '0916989866'),
(5154, 514, 'Imm Jung fresh noodles', 'Original fresh noodles', 75.00, 'https://maps.app.goo.gl/kif9tjg6N4kqyE7p8', 'Monday-Saturday 11.00am.-8.00pm.', '0916989866'),
(5155, 514, 'Imm Jung fresh noodles', 'Pork on rice with spicy sauce', 75.00, 'https://maps.app.goo.gl/kif9tjg6N4kqyE7p8', 'Monday-Saturday 11.00am.-8.00pm.', '0916989866'),
(5156, 514, 'Imm Jung fresh noodles', 'Pork with Mala Sauce on Rice', 75.00, 'https://maps.app.goo.gl/kif9tjg6N4kqyE7p8', 'Monday-Saturday 11.00am.-8.00pm.', '0916989866'),
(5157, 514, 'Imm Jung fresh noodles', 'Chicken rice and jaew dipping sauce', 75.00, 'https://maps.app.goo.gl/kif9tjg6N4kqyE7p8', 'Monday-Saturday 11.00am.-8.00pm.', '0916989866'),
(5158, 514, 'Imm Jung fresh noodles', 'Chicken with Mala Sauce on Rice', 75.00, 'https://maps.app.goo.gl/kif9tjg6N4kqyE7p8', 'Monday-Saturday 11.00am.-8.00pm.', '0916989866'),
(5159, 515, 'Senchai Charoensap', 'Braised Chicken Noodles', 55.00, 'https://maps.app.goo.gl/HZFtN4QTZVj3zBY98', 'Monday-Sunday 10.00am.-9.00pm.', '0850376999'),
(5160, 515, 'Senchai Charoensap', 'Dry noodles with soy sauce and stewed chicken', 55.00, 'https://maps.app.goo.gl/HZFtN4QTZVj3zBY98', 'Monday-Sunday 10.00am.-9.00pm.', '0850376999'),
(5161, 515, 'Senchai Charoensap', 'Namtok Pork  Noodles', 60.00, 'https://maps.app.goo.gl/HZFtN4QTZVj3zBY98', 'Monday-Sunday 10.00am.-9.00pm.', '0850376999'),
(5162, 515, 'Senchai Charoensap', 'ก๋วยเตี๋ยวแห้งซีอิ๊วน้ำไก่ตุ๋น', 55.00, 'https://maps.app.goo.gl/HZFtN4QTZVj3zBY98', 'Monday-Sunday 10.00am.-9.00pm.', '0850376999'),
(5163, 515, 'Senchai Charoensap', 'Dry Tom Yum Noodles', 60.00, 'https://maps.app.goo.gl/HZFtN4QTZVj3zBY98', 'Monday-Sunday 10.00am.-9.00pm.', '0850376999'),
(5164, 515, 'Senchai Charoensap', 'Creamy Tom Yum Noodles', 60.00, 'https://maps.app.goo.gl/HZFtN4QTZVj3zBY98', 'Monday-Sunday 10.00am.-9.00pm.', '0850376999'),
(5165, 515, 'Senchai Charoensap', 'Clear noodle soup', 55.00, 'https://maps.app.goo.gl/HZFtN4QTZVj3zBY98', 'Monday-Sunday 10.00am.-9.00pm.', '0850376999'),
(5166, 515, 'Senchai Charoensap', 'Kao Lao Creamy Tom Yum ', 60.00, 'https://maps.app.goo.gl/HZFtN4QTZVj3zBY98', 'Monday-Sunday 10.00am.-9.00pm.', '0850376999'),
(5167, 515, 'Senchai Charoensap', 'Chicken Feet Spicy Soup', 65.00, 'https://maps.app.goo.gl/HZFtN4QTZVj3zBY98', 'Monday-Sunday 10.00am.-9.00pm.', '0850376999'),
(5168, 515, 'Senchai Charoensap', 'Shrimp Hakao', 40.00, 'https://maps.app.goo.gl/HZFtN4QTZVj3zBY98', 'Monday-Sunday 10.00am.-9.00pm.', '0850376999');

INSERT INTO dessert (id, Restaurant_ID, Restaurant_Name, Menu, Price, Map_Location, Time_of_Service, PHONE) VALUES
(1, 519, 'Rodiya Roti Hat Yai', 'Roti Mataba', 60.00, 'https://maps.app.goo.gl/kWmemzbQs6wafEP3A', 'Monday-Sunday 10.00am-10.00pm.', NULL),
(2, 519, 'Rodiya Roti Hat Yai', 'Large set of roti with curry dip', 65.00, 'https://maps.app.goo.gl/kWmemzbQs6wafEP3A', 'Monday-Sunday 10.00am-10.00pm.', NULL),
(3, 519, 'Rodiya Roti Hat Yai', 'Roti tissue', 40.00, 'https://maps.app.goo.gl/kWmemzbQs6wafEP3A', 'Monday-Sunday 10.00am-10.00pm.', NULL),
(4, 519, 'Rodiya Roti Hat Yai', 'Chocolate Cheese Roti', 50.00, 'https://maps.app.goo.gl/kWmemzbQs6wafEP3A', 'Monday-Sunday 10.00am-10.00pm.', NULL),
(5, 519, 'Rodiya Roti Hat Yai', 'Corn Roti', 40.00, 'https://maps.app.goo.gl/kWmemzbQs6wafEP3A', 'Monday-Sunday 10.00am-10.00pm.', NULL),
(6, 519, 'Rodiya Roti Hat Yai', 'Banana Roti', 40.00, 'https://maps.app.goo.gl/kWmemzbQs6wafEP3A', 'Monday-Sunday 10.00am-10.00pm.', NULL),
(7, 519, 'Rodiya Roti Hat Yai', 'Roti Ovaltine', 35.00, 'https://maps.app.goo.gl/kWmemzbQs6wafEP3A', 'Monday-Sunday 10.00am-10.00pm.', NULL),
(8, 519, 'Rodiya Roti Hat Yai', 'Crispy Roti', 25.00, 'https://maps.app.goo.gl/kWmemzbQs6wafEP3A', 'Monday-Sunday 10.00am-10.00pm.', NULL),
(9, 519, 'Rodiya Roti Hat Yai', 'Thick and crispy roti', 25.00, 'https://maps.app.goo.gl/kWmemzbQs6wafEP3A', 'Monday-Sunday 10.00am-10.00pm.', NULL),
(10, 520, 'Yai Da Crepe', 'sweet crepes', 35.00, 'https://maps.app.goo.gl/HZwU1p75tvdf6mKp6', 'Monday-Sunday 12.00am-11.59pm.', NULL),
(11, 520, 'Yai Da Crepe', 'Signature Crepes', 45.00, 'https://maps.app.goo.gl/HZwU1p75tvdf6mKp6', 'Monday-Sunday 12.00am-11.59pm.', NULL),
(12, 520, 'Yai Da Crepe', 'Tokyo Crepes', 35.00, 'https://maps.app.goo.gl/HZwU1p75tvdf6mKp6', 'Monday-Sunday 12.00am-11.59pm.', NULL),
(13, 520, 'Yai Da Crepe', 'Cold Oreo Crepes', 30.00, 'https://maps.app.goo.gl/HZwU1p75tvdf6mKp6', 'Monday-Sunday 12.00am-11.59pm.', NULL),
(14, 520, 'Yai Da Crepe', 'Cold crepe with shredded fresh milk', 30.00, 'https://maps.app.goo.gl/HZwU1p75tvdf6mKp6', 'Monday-Sunday 12.00am-11.59pm.', NULL),
(15, 520, 'Yai Da Crepe', 'Toast with Ovaltine and Milk', 30.00, 'https://maps.app.goo.gl/HZwU1p75tvdf6mKp6', 'Monday-Sunday 12.00am-11.59pm.', NULL),
(16, 520, 'Yai Da Crepe', 'Toasted Nutella with Chocolate', 30.00, 'https://maps.app.goo.gl/HZwU1p75tvdf6mKp6', 'Monday-Sunday 12.00am-11.59pm.', NULL),
(17, 520, 'Yai Da Crepe', 'Banana toast with chocolate topping', 30.00, 'https://maps.app.goo.gl/HZwU1p75tvdf6mKp6', 'Monday-Sunday 12.00am-11.59pm.', NULL),
(18, 520, 'Yai Da Crepe', 'Choco cocoa toast with chocolate milk drizzle', 30.00, 'https://maps.app.goo.gl/HZwU1p75tvdf6mKp6', 'Monday-Sunday 12.00am-11.59pm.', NULL),
(19, 521, 'Milk Box MFU', 'Honey Toast', 49.00, 'https://maps.app.goo.gl/AAQeWCwKjsRAWpfG8', 'Monday-Sunday 10.00am-11.50pm.', '0875767540'),
(20, 521, 'Milk Box MFU', 'Strawberry Toast', 49.00, 'https://maps.app.goo.gl/AAQeWCwKjsRAWpfG8', 'Monday-Sunday 10.00am-11.50pm.', '0875767540'),
(21, 521, 'Milk Box MFU', 'Chocolate Toast', 49.00, 'https://maps.app.goo.gl/AAQeWCwKjsRAWpfG8', 'Monday-Sunday 10.00am-11.50pm.', '0875767540'),
(22, 521, 'Milk Box MFU', 'Blueberry Toast', 49.00, 'https://maps.app.goo.gl/AAQeWCwKjsRAWpfG8', 'Monday-Sunday 10.00am-11.50pm.', '0875767540'),
(23, 521, 'Milk Box MFU', 'Peanut Butter Toast', 69.00, 'https://maps.app.goo.gl/AAQeWCwKjsRAWpfG8', 'Monday-Sunday 10.00am-11.50pm.', '0875767540'),
(24, 521, 'Milk Box MFU', 'Brown Sugar Custard Toast', 69.00, 'https://maps.app.goo.gl/AAQeWCwKjsRAWpfG8', 'Monday-Sunday 10.00am-11.50pm.', '0875767540'),
(25, 521, 'Milk Box MFU', 'Chocolate Pan', 25.00, 'https://maps.app.goo.gl/AAQeWCwKjsRAWpfG8', 'Monday-Sunday 10.00am-11.50pm.', '0875767540'),
(26, 521, 'Milk Box MFU', 'Caramel Pan', 25.00, 'https://maps.app.goo.gl/AAQeWCwKjsRAWpfG8', 'Monday-Sunday 10.00am-11.50pm.', '0875767540'),
(27, 521, 'Milk Box MFU', 'Blueberry Pan', 25.00, 'https://maps.app.goo.gl/AAQeWCwKjsRAWpfG8', 'Monday-Sunday 10.00am-11.50pm.', '0875767540');

INSERT INTO cafe (id, Restaurant_ID, Restaurant_Name, Menu, Price, Map_Location, Time_of_Service, PHONE) VALUES
(1, 516, 'Lamp Cafe at Mae Fah Luang', 'Iced Americano', 60.00, 'https://maps.app.goo.gl/XS1R1efemgRnQkdJA', 'Monday-Sunday 8.30am-8.00pm.', '052050227'),
(2, 516, 'Lamp Cafe at Mae Fah Luang', 'Lamp Es Yen Coffee', 65.00, 'https://maps.app.goo.gl/XS1R1efemgRnQkdJA', 'Monday-Sunday 8.30am-8.00pm.', '052050227'),
(3, 516, 'Lamp Cafe at Mae Fah Luang', 'milk green tea', 55.00, 'https://maps.app.goo.gl/XS1R1efemgRnQkdJA', 'Monday-Sunday 8.30am-8.00pm.', '052050227'),
(4, 516, 'Lamp Cafe at Mae Fah Luang', 'Thai tea', 55.00, 'https://maps.app.goo.gl/XS1R1efemgRnQkdJA', 'Monday-Sunday 8.30am-8.00pm.', '052050227'),
(5, 516, 'Lamp Cafe at Mae Fah Luang', 'Iced Cappuccino', 65.00, 'https://maps.app.goo.gl/XS1R1efemgRnQkdJA', 'Monday-Sunday 8.30am-8.00pm.', '052050227'),
(6, 516, 'Lamp Cafe at Mae Fah Luang', 'Iced Honey Americano', 65.00, 'https://maps.app.goo.gl/XS1R1efemgRnQkdJA', 'Monday-Sunday 8.30am-8.00pm.', '052050227'),
(7, 516, 'Lamp Cafe at Mae Fah Luang', 'Sunset', 80.00, 'https://maps.app.goo.gl/XS1R1efemgRnQkdJA', 'Monday-Sunday 8.30am-8.00pm.', '052050227'),
(8, 516, 'Lamp Cafe at Mae Fah Luang', 'Sunset Peach', 80.00, 'https://maps.app.goo.gl/XS1R1efemgRnQkdJA', 'Monday-Sunday 8.30am-8.00pm.', '052050227'),
(9, 516, 'Lamp Cafe at Mae Fah Luang', 'Black Orange', 85.00, 'https://maps.app.goo.gl/XS1R1efemgRnQkdJA', 'Monday-Sunday 8.30am-8.00pm.', '052050227'),
(10, 517, 'Singha Park Cafe M Square MFU Chiang Rai', 'Hakkaido Green Tea Frappe', 95.00, 'https://maps.app.goo.gl/rbuqHP2utoubJNhW7', 'Monday-Sunday 9.00am-5.00pm.', '05316063637'),
(11, 517, 'Singha Park Cafe M Square MFU Chiang Rai', 'Singha Maruzen Latte', 80.00, 'https://maps.app.goo.gl/rbuqHP2utoubJNhW7', 'Monday-Sunday 9.00am-5.00pm.', '05316063637'),
(12, 517, 'Singha Park Cafe M Square MFU Chiang Rai', 'Espresso', 55.00, 'https://maps.app.goo.gl/rbuqHP2utoubJNhW7', 'Monday-Sunday 9.00am-5.00pm.', '05316063637'),
(13, 517, 'Singha Park Cafe M Square MFU Chiang Rai', 'Houjicha Latte', 75.00, 'https://maps.app.goo.gl/rbuqHP2utoubJNhW7', 'Monday-Sunday 9.00am-5.00pm.', '05316063637'),
(14, 517, 'Singha Park Cafe M Square MFU Chiang Rai', 'Chocolate Shake', 80.00, 'https://maps.app.goo.gl/rbuqHP2utoubJNhW7', 'Monday-Sunday 9.00am-5.00pm.', '05316063637'),
(15, 517, 'Singha Park Cafe M Square MFU Chiang Rai', 'Maruzen Green Tea', 80.00, 'https://maps.app.goo.gl/rbuqHP2utoubJNhW7', 'Monday-Sunday 9.00am-5.00pm.', '05316063637'),
(16, 517, 'Singha Park Cafe M Square MFU Chiang Rai', 'Pink Milk Frappe', 70.00, 'https://maps.app.goo.gl/rbuqHP2utoubJNhW7', 'Monday-Sunday 9.00am-5.00pm.', '05316063637'),
(17, 517, 'Singha Park Cafe M Square MFU Chiang Rai', 'Fresh  Milk Frappe', 70.00, 'https://maps.app.goo.gl/rbuqHP2utoubJNhW7', 'Monday-Sunday 9.00am-5.00pm.', '05316063637'),
(18, 517, 'Singha Park Cafe M Square MFU Chiang Rai', 'Iced Thai Tea', 55.00, 'https://maps.app.goo.gl/rbuqHP2utoubJNhW7', 'Monday-Sunday 9.00am-5.00pm.', '05316063637'),
(19, 518, 'Café Amazon MFU', 'Iced milk green tea', 55.00, 'https://maps.app.goo.gl/DGfLBnbPQyAHphD39', 'Monday-Saturday 7.30am-4.00pm.', NULL),
(20, 518, 'Café Amazon MFU', 'Green Tea Honey Lemon Jelly', 60.00, 'https://maps.app.goo.gl/DGfLBnbPQyAHphD39', 'Monday-Saturday 7.30am-4.00pm.', NULL),
(21, 518, 'Café Amazon MFU', 'Hot cappuccino', 50.00, 'https://maps.app.goo.gl/DGfLBnbPQyAHphD39', 'Monday-Saturday 7.30am-4.00pm.', NULL),
(22, 518, 'Café Amazon MFU', 'Black Tea Honey', 70.00, 'https://maps.app.goo.gl/DGfLBnbPQyAHphD39', 'Monday-Saturday 7.30am-4.00pm.', NULL),
(23, 518, 'Café Amazon MFU', 'Strawberry smoothie', 70.00, 'https://maps.app.goo.gl/DGfLBnbPQyAHphD39', 'Monday-Saturday 7.30am-4.00pm.', NULL),
(24, 518, 'Café Amazon MFU', 'Yogurt Smoothie Mixed Berry', 70.00, 'https://maps.app.goo.gl/DGfLBnbPQyAHphD39', 'Monday-Saturday 7.30am-4.00pm.', NULL),
(25, 518, 'Café Amazon MFU', 'Matcha Latte', 60.00, 'https://maps.app.goo.gl/DGfLBnbPQyAHphD39', 'Monday-Saturday 7.30am-4.00pm.', NULL),
(26, 518, 'Café Amazon MFU', 'Light Coffee Honey', 60.00, 'https://maps.app.goo.gl/DGfLBnbPQyAHphD39', 'Monday-Saturday 7.30am-4.00pm.', NULL),
(27, 518, 'Café Amazon MFU', 'Iced cappuccino', 65.00, 'https://maps.app.goo.gl/DGfLBnbPQyAHphD39', 'Monday-Saturday 7.30am-4.00pm.', NULL);